audio_feature_0,audio_feature_1,audio_feature_2,audio_feature_3,audio_feature_4,audio_feature_5,audio_feature_6,audio_feature_7,audio_feature_8,audio_feature_9,audio_feature_10,audio_feature_11,audio_feature_12,audio_feature_13,audio_feature_14,audio_feature_15,audio_feature_16,audio_feature_17,audio_feature_18,audio_feature_19,audio_feature_20,audio_feature_21,audio_feature_22,audio_feature_23,audio_feature_24,audio_feature_25,audio_feature_26,audio_feature_27,audio_feature_28,audio_feature_29,audio_feature_30,audio_feature_31,audio_feature_32,audio_feature_33,audio_feature_34,audio_feature_35,audio_feature_36,audio_feature_37,audio_feature_38,audio_feature_39,audio_feature_40,audio_feature_41,audio_feature_42,audio_feature_43,audio_feature_44,audio_feature_45,audio_feature_46,audio_feature_47,label,member,phrase,augmentation
0.7921440121304555,-0.8280613017710304,-1.3942154245217817,-1.6530252530646554,-1.2376544005011068,-1.2989353698658124,-1.0819264638278623,-1.0455827119708665,-0.18759943222310033,0.47255590319214774,1.0290086892191612,0.2964900967288649,-0.3070684515874424,-1.0284284893251223,1.407203500191032,0.9637673634036878,-0.5204935197595227,0.7462650350701042,0.7421033132760091,-0.4360962498769305,-0.2826798690053343,-1.7690776576005538,-1.8381640091817886,0.3208100184438549,-0.1819944859245924,-0.5752834467334977,0.8123427935466376,0.94627332856957,0.7725052450784375,0.10528739078729485,0.44349962679375815,-0.4511381086294876,0.6232698990079398,0.5485459529241304,0.8153007814042538,0.352449770066842,-0.557384349189295,-0.6056935108103788,-0.5764594640205005,-0.5897557601147856,-0.4962363758552388,-0.45104037462734886,-0.4350572985102509,-0.4943769701952171,-0.47970035256744,0.209292518684831,1.8162793033292948,0.7184052444114152,member6_yes_approve_original,member6,yes_approve,original
-1.0983407232310476,-1.0623724202664109,-2.998758289779848,-2.330823449876379,-2.4534410478683943,-1.8573238434484176,-1.8319519345350834,-0.6596495952125241,-0.38543828547702186,1.9713704848733844,0.24092921127044334,1.1886797448863855,-1.4817461517316446,1.1653251962624582,2.9649560811832023,2.1088252265258975,0.07013446439184945,0.2695140322538591,1.8863380690636626,0.7924434380619204,-0.3139029720004019,-0.5531357096066696,1.1253733440873772,0.928870686509487,0.6491309491466214,0.49823855049590227,-0.9302933989363822,-1.012347194029222,-1.3700193598303176,-0.05826857400068535,-2.133196588000425,0.25792196296537606,-0.20221372495149045,-1.3616851885704633,-1.181925558063043,0.9503104864857447,2.3640490725705936,0.394719793061281,-0.5533093595143046,-0.5932640135076597,-0.506650442206681,-0.54068574953099,-0.4472917685247579,-0.44446519718705896,-0.5083626264521556,-0.6519251284088613,-0.6890426155290225,0.1737329695045145,member6_yes_approve_pitch_shift,member6,yes_approve_pitch,shift
-0.616946965052627,0.4542267728127892,-0.33016368693325865,-1.1678044920724626,-1.2238276724886323,-1.4503480042351176,-1.2670647861970425,-1.315942744828717,-0.5689852170633436,0.17736411247030434,0.7485409333168203,0.18817687103151923,-0.9754974924303407,1.6424560695366168,1.4032710286414083,0.8425151155801835,0.30811253708398445,0.053126520769277076,-0.5850957586298814,1.2371060732022343,1.4983932264675068,-0.5176360851195497,-1.3678603985222875,1.2987776846633352,1.6822619111987005,-0.7873777197118742,-0.6496573612285731,1.2273150520631153,-0.5471132143424583,1.3394465038114367,-0.4028757708701248,0.6965972963031375,-0.532103493739501,-1.214741867771765,0.6897831244878488,0.17006316725197532,-0.562105183023679,-0.609375492129745,-0.5801531838367793,-0.5935208519704878,-0.5001424809119269,-0.4575889720905808,-0.43902578624335564,-0.4987572338961344,-0.48485857448261643,0.2034660585183515,1.8162793033292948,0.7135668416022318,member6_yes_approve_time_stretch,member6,yes_approve_time,stretch
1.620541811352536,-1.7389137685157228,-1.911092691160796,-1.677075499540865,-1.2303217325890166,-1.1751015962893052,-0.9578685232753715,-0.9525839576574701,-0.2546811318668615,0.6037439703277547,1.025685366585044,0.5115031407989905,-0.04035237220428852,-1.0738039399707076,0.31631685914784535,0.32288213266979776,-0.5432746465413649,-1.2952772956659027,-1.0059789682739797,-0.10111991990712649,-1.3841506060417643,-1.786578534213251,-1.4767847057687664,-0.15101951863057228,0.26279395005425477,-0.340992176365649,1.5732857009403791,0.42745502775919986,1.2347587636554052,-1.1237574695800026,0.44997775197866946,-1.2652778458318117,1.894768187352361,2.2929411515997113,0.916101037435137,0.4550258079611874,-0.5540757533631016,-0.6016861368133567,-0.572541478996535,-0.5859621265725622,-0.4923519135282334,-0.44700417519040003,-0.4314631104392981,-0.49009002747344194,-0.47564104373827953,0.21214580175063308,1.8162793033292948,0.720190544395698,member6_yes_approve_noisy,member6,yes_approve,noisy
-0.6712304445940193,-0.06539067701856335,-0.853443465514939,-1.475938620751019,-1.3984372346327876,-1.4832806238745115,-1.373510496044684,-1.2464973819834577,-0.2196676356940832,0.8139999913570538,1.2524505143335252,-0.1682707058368329,-0.5384371419727947,0.683619681647552,0.7214750341490171,-0.030546015194825516,-0.9649566770916532,-0.4804014308883083,-0.03276562595051123,0.0813702809668286,-0.08191370493494832,-1.2719892496878535,-0.9933316529636381,1.6066847551401646,0.833971388241387,-0.09737652251097144,-0.3757812187126548,-0.8238185900492863,-0.3087175809717525,0.616368292421469,-0.24423414108334585,0.6418214559180141,-0.1389111329869916,-0.48307385498084754,-0.9944454968938078,-2.023536664245607,-0.563646490736949,-0.6095571319869824,-0.5798879409325438,-0.5932670960321487,-0.4995342783572127,-0.4529930102964082,-0.4381891127512011,-0.498820349509902,-0.48592035597032507,0.20033867265816785,1.8162793033292948,0.7088221765835517,member6_yes_approve_speed_change,member6,yes_approve_speed,change
0.7334946565578491,-0.7447936853694844,0.07281276260083933,0.23874851133172312,0.4973262639902939,0.4429723050247442,0.3718758444286744,0.18810793819040114,0.31010055318535323,-0.17566052541143024,0.24626780434118653,-0.1654868455525106,0.7119434532319298,-1.1313000035887486,0.12144470988434694,0.9485960958861505,0.2626485593647142,-1.2575469387320843,-0.7343919429134536,-0.5497637818129718,-1.3297815121639798,-0.19377655578707653,-1.8680259786231868,-0.15415628152760796,-1.512108248362134,-0.8793015540490149,0.7268244975691465,0.49875913562129076,0.7946634152167136,-0.10919051627297739,0.8105276871519154,-0.7602632594832246,0.38877551062790977,0.015612427910826083,0.8701212140282292,0.5119818087132154,-0.5909902958418419,-0.5895290490472351,-0.27402445394773034,0.8415887430177098,2.8610776388602965,1.376819948616337,-0.26280781527317243,-0.48746678235860186,-0.5098759256290325,-0.6448186635802476,-0.6911843592821874,-0.6604844213864451,member6_confirm_transaction_original,member6,confirm_transaction,original
-0.9265199993240149,1.9302972144765718,0.7260292530726948,1.0304073410096986,0.031875892888944685,0.1869856964775714,-0.5234216308024051,-0.38224674213018034,-1.807728189016031,-1.3975562327208109,-2.237323711125321,-0.11905456746628193,-0.1162132582929887,0.7314693003541514,0.33904027825263494,0.1745276698698179,-0.9975544025714068,-0.28551593523617536,0.5124238864907561,-0.33468675797140274,1.5841445085040156,0.326765258879846,1.125061077172227,0.44736177201582306,-0.16961005210802843,1.0928746607121258,-1.2512992679427537,-1.167329315929667,-1.619213550154628,0.6474656564110759,-1.8148407782336593,0.18577336641062955,-0.8280602344792745,-0.4654079987310214,-1.0563141334666093,0.9354500752149199,-0.5934695227966438,-0.5432755984223735,-0.569439050464627,-0.583344149239308,-0.33831800409394974,2.0564605509844625,3.0625080615491878,0.7400889819699071,-0.4262317149254303,-0.6484228431832507,-0.7083864887968426,-0.7398658576667163,member6_confirm_transaction_pitch_shift,member6,confirm_transaction_pitch,shift
-0.6907324086615083,0.5226356149334436,1.3498796893883913,0.8760647815202427,0.8298331339383843,0.6188585971368471,0.40260673815776105,-0.08864764112214944,-0.31763799296791295,-0.9311696547980671,-0.4888881511727858,-0.8816896564073571,0.12681413525294627,1.3251881042970985,0.39913114049104825,0.27818522623867065,0.07571817122038417,-1.8021120325838267,-1.0710537318037132,0.3125671791391372,-0.679829219524343,-0.4981759150235067,-0.33135542928860096,0.7736210211893434,-0.4538657504235391,0.835191369398442,-0.7569514861004291,0.9421237368648856,-0.4680255916950708,1.1126143791703471,0.06375360693195592,1.609018447566559,-0.8613991044488449,0.6430847057647867,0.7528466979061447,0.33902639976603166,-0.5958356502948022,-0.5964087035959682,-0.281624916662195,0.8354457131315615,2.8610776388602965,1.3695902468852676,-0.2694907239915238,-0.49342071470791166,-0.5149495130673,-0.6498355758808916,-0.6950474132285314,-0.6662800992731733,member6_confirm_transaction_time_stretch,member6,confirm_transaction_time,stretch
1.5343447243288382,-1.6532097443078164,-0.5733510482788876,-0.07032533737535604,0.394204299914553,0.4545329322943345,0.4134586970728548,0.33857229904752595,0.4382485384352629,0.09016394027631118,0.44144912488249344,0.2038428162451258,0.8677620086034229,-1.1320328131732706,-0.5480879403971065,0.03986949656571894,0.19993087498222634,0.5918777011862516,-1.1207678598743103,-0.6757726791408969,-1.128312453555654,-0.17379712506292289,-1.1355036331466382,0.09689102425530619,-0.19156102968074437,-0.29231502460492487,1.513196860042275,0.3091504985515439,1.2896428466132945,-1.66177479699586,0.8954356562569068,-1.868129368141738,1.4962861692606204,0.9511884586295855,0.9551805213117256,0.5399377346884678,-0.5859091959014018,-0.5843510757499416,-0.26935672096059643,0.8448051205719573,2.8610776388602965,1.3810527849522616,-0.2583700875859666,-0.48249763118171324,-0.5048007069413024,-0.6394549056927581,-0.6873712812100138,-0.6546052556329173,member6_confirm_transaction_noisy,member6,confirm_transaction,noisy
-0.7349818821320913,-0.26011375552679245,0.8888515105545748,0.6383387787665797,0.7088319862724973,0.4838951716711613,0.2690165688060478,-0.007495742401946831,0.0683241888865821,-0.7330782103996086,-0.054844015201435205,-0.5116285528618175,0.4142226144361924,0.5103933939632974,-0.518707361977852,-0.3260018449302415,-0.31155044123346926,-0.5748802443732154,2.7152339474296547,0.34293293111071055,-0.020260165110451214,0.5111580189320654,-1.7610348039797765,-0.631563058008221,-0.7794668211406933,0.24700175120736062,-0.35510488946465113,-1.2879523254770107,-0.06342237635446464,-0.8879403971949742,0.41324177313325244,-0.8147236872118763,-0.7376739367622674,-1.139519411856301,-1.0638311758155792,-1.7261939111251607,-0.5951377349285584,-0.5971544552979217,-0.28358511878127596,0.833313457867014,2.8610776388602965,1.3603506534582424,-0.27229190182660984,-0.49391920946673085,-0.5151272968426831,-0.6498942764381994,-0.6931748474304678,-0.6571966408495548,member6_confirm_transaction_speed_change,member6,confirm_transaction_speed,change
0.7264334175790558,-0.6650970039667794,-0.7250388663642473,-0.8308045224639151,-0.7219839090174365,-0.8119599707553724,-0.7182241337150294,-0.741397396060577,-0.5688828549264809,-1.014581079088437,0.1787688016325217,0.8174452276692354,1.5415705529610517,-1.2798024569590463,0.6326043920469221,1.651206304558224,1.027048083429885,-0.3965878651859037,0.24677575790808357,0.13244223686287931,-0.9307486440749145,-0.13378655774664305,0.14712567121139541,-1.1299222320424671,-0.9317532002505678,-1.6526038857367547,0.8241315949770838,1.1631243769562538,0.7714825603028216,0.7528440902159036,0.5431636350737263,0.1950146116166343,0.5575164049689452,0.49780575984311076,0.531788190088673,0.23781167532623185,-0.6054330269797241,-0.6062563354977606,-0.5659968633471288,-0.5273208461205426,-0.48797660718096897,-0.528498225467927,-0.36535939892107866,0.838339243571023,3.0773463732421877,0.5366731502449783,-0.6548675186509981,-0.734296937691588,member3_yes_approve_original,member3,yes_approve,original
-0.9993150929653621,0.9572952383637987,-0.9950574971991376,-0.6948754904030361,-1.5052265333122947,-1.1739938301668558,-1.343084639207237,-0.6350060121017234,-1.3605197638185396,0.8392427423789723,0.22668234825774458,1.8020900844027972,-1.1612954640908515,0.5490220501205669,1.2635037472688007,2.6215890165013427,2.837001869080332,1.3319351480306818,0.8314603409889442,-0.2077745646945862,-0.31270735280938505,1.868871784264686,0.9497311555562982,0.3544138962469957,-0.7541220404766612,0.14497078751810288,-1.1326104897457583,-1.0351569793150754,-1.6083049125480913,0.28818506295351487,-2.1020407819611107,0.33248049477080704,-0.6006957430432315,-0.8376027758593859,-1.3854579247633503,0.909483555616631,-0.5539988427732743,-0.6085470825909739,-0.5795076614521391,-0.5930701282814237,-0.4987104740538617,-0.4414234136276122,-0.4350281429363068,-0.4980401148777101,-0.47730695355570785,0.2506736890749274,1.8162793033292948,0.7443533190358161,member3_yes_approve_pitch_shift,member3,yes_approve_pitch,shift
-0.6905716172890998,0.5631043506345946,0.1382237848911614,-0.4606765590029948,-0.5914313361093664,-0.8012740085160597,-0.7445797341932393,-1.0021715340440023,-0.7343295755492713,-1.0228615120236286,0.17130414776139224,0.9599179664682316,1.8936229511337694,1.2398493784543012,0.2508005640828232,1.3221872690582939,1.244998335660114,-0.3502052582840936,0.6517659068522906,0.9103925562047429,-0.9066969536372318,-0.30048382022462955,-0.027893429169545954,1.3108930900588647,-1.4071935956092847,-1.5627879082191218,-0.6514011193536022,0.8917470130772049,-0.4725566534092441,1.639171033521319,-0.20312847159315806,1.6410997832982752,-0.7752461830423305,-0.7417210966925322,0.4213094264691833,-0.039535450062655866,-0.609420288638553,-0.610426666581155,-0.5702609460982228,-0.5330021041937544,-0.493179876949485,-0.5355868829447917,-0.37139475355480267,0.833926589189085,3.0773463732421877,0.5309831719378549,-0.6591810455376516,-0.7391437422968032,member3_yes_approve_time_stretch,member3,yes_approve_time,stretch
1.5700863685358684,-1.4219204087597137,-1.1256404209749176,-0.9660514283024072,-0.6500964601261708,-0.7520896407544904,-0.6154500593640304,-0.6637610459421863,-0.3965648441413777,-0.7931162628310127,0.3035756811464957,0.8683154605028037,1.3997137461317295,-1.292045536189014,-0.1573787110710545,0.3153967991230955,0.45439195518166536,-0.9148561279458992,1.0596154954234607,0.5544901191421563,-0.8217821482292034,0.01601943748379286,-0.7562858638149144,-0.32710929889670254,-1.326037022994224,-2.086493113417246,1.6456110994447104,0.6049036590468895,1.3820253713436457,-0.280631178636685,0.7205820819443199,-1.2829503226521723,1.9890412691673058,1.5772325699195227,0.6228330009473365,0.31079429108730466,-0.6016047056885881,-0.6020246235045243,-0.5614068075926331,-0.5215000841472639,-0.48286442412351666,-0.5221883274529785,-0.36164239955559396,0.841346285043598,3.0773463732421877,0.539538147287614,-0.6516087481415174,-0.7296877441229113,member3_yes_approve_noisy,member3,yes_approve,noisy
-0.7693084985193939,-0.05767726202106683,0.001034176728402406,-0.634936180184892,-0.791393624676418,-0.8494485646541273,-0.8140472153565289,-0.921699462304199,-0.725863286770288,-1.1668524605387463,0.258706830132837,1.0077453881741294,1.4347423770589893,0.533785162503917,-0.07582274451003765,1.1069741079223134,0.9590485875564848,-0.09240762466042532,1.7450860678671756,2.4825852900988115,1.2765094456313748,1.065583873789287,-0.4463325411509446,1.0108924130805819,-0.0053256768253266435,0.16044291959623197,-0.2998025311241966,-1.3453471569465285,-0.17741976993605055,-0.8456769098073659,0.050706026323174044,-0.43761802854317794,-0.3973698972065351,0.2504078370986024,-1.3234342108735782,-1.8057594752603419,-0.6090129964972153,-0.6101081144483144,-0.5694959718699386,-0.5302560504211342,-0.4924416164735652,-0.5358100683830227,-0.3730115632514917,0.8299753829348147,3.0773463732421877,0.5265062219731294,-0.6606045032864908,-0.7392609367964293,member3_yes_approve_speed_change,member3,yes_approve_speed,change
0.7017878467839064,-0.662488413967626,0.016285306282434388,0.4259939012496462,0.8703372398018722,0.8885616382687498,1.0186585733224511,1.0173403313061202,1.077504988788501,0.7438841599846443,0.3767511924046691,-0.5698940910857477,-0.14649958306535235,-1.2686561481342713,-0.09178660539821135,-0.6210818929058739,-1.628361818258174,0.2716625774108452,-0.02624864635313249,-0.5836965492908764,-0.9649363300424121,-0.6499604753832935,-0.2326559532185416,-1.4342729034880264,0.21924124314121068,-0.42344940472327947,0.6394670412103346,0.5859716114981935,0.7687554009011904,0.02840832515087008,0.9184250840743325,-0.24664595427261696,0.34599612896398535,0.8601890773726747,0.5506487174216309,0.39288559059135786,1.1190525613679296,2.6366039649288546,1.8683933199485139,-0.12924790388753132,-0.4455285450754785,-0.51672176342671,-0.4415460728131637,-0.4697297938130013,-0.39838162427863943,-0.6003049882495645,-0.6685959205689531,-0.30368086859403376,member3_confirm_transaction_original,member3,confirm_transaction,original
-0.9887765454230727,1.865702161640394,0.8353921995942216,1.3675701323775522,0.6874372400738082,0.9841535123070911,0.5054708379648053,0.7420901596103497,-0.6029018143756081,-0.14334789731222977,-2.310217034730992,-0.8131177542432266,-1.9300994764411339,0.4196339898359519,0.2599505819089715,-1.2454948646749027,-0.2598509803595253,1.250196389800194,-0.025143930103332098,-1.6976427991409788,1.584759299691308,-0.5354701405236986,-0.2057814818334296,2.6193659684257398,1.7280723373289444,2.6767162905062856,-1.2769639085514497,-1.0005451940222894,-1.53535339855438,-0.39205951472708417,-1.6346550227958092,0.4696303469451168,-0.8645019299707657,-0.16615144215809158,-1.3380751926052432,0.555546511994514,-0.5872834312661775,-0.35285723730784746,0.6196536672728024,2.5885771792576784,1.375368463143341,-0.037194548901066875,-0.4412228089115745,-0.4968932983190953,-0.5144549452448486,-0.6390361156569498,-0.6521421691385813,-0.7141596757013403,member3_confirm_transaction_pitch_shift,member3,confirm_transaction_pitch,shift
-0.7268152414950212,0.7827290655633131,1.4376166629983278,1.2129826068177887,1.208099940848159,1.0468145142449077,1.2337507246383657,1.185093848356078,0.9668398986483994,0.31862976050290537,-0.3628099150901327,-1.2904931863622486,-0.43807199155694443,1.1215429184853432,-0.610254424480588,-1.4126669067169815,-1.858097499395725,-0.47723071043032383,1.3768418930847144,-0.17918823387903535,-0.9127660018466159,0.14795527091060234,-0.21552825749057072,-1.3944180404310735,0.13703599302297578,0.38676247001734876,-0.8769650003041561,0.9434519384852983,-0.5467012996411699,0.1296852571779953,0.14192395685076095,0.3898883739766964,-1.1418747263611648,-1.0263825386321475,0.43363867424321717,0.0981576640344533,1.116027745119311,2.6366039649288546,1.8665919429420408,-0.13721860149208678,-0.45445306592283297,-0.5288214224515105,-0.44879004517322857,-0.47738896192176006,-0.4063313969210155,-0.6092558763607331,-0.6758834662274865,-0.31259283672678484,member3_confirm_transaction_time_stretch,member3,confirm_transaction_time,stretch
1.5011246589078615,-1.6663267849817314,-0.4370935908405525,0.20321381372652494,0.661009480217578,0.7183281356269511,0.942185558683421,1.1585695066418351,1.3479672719075046,0.7839876783242213,0.49924296659999934,-0.1417736370970003,0.22096933542430952,-1.1569342719401376,-0.8724027171780913,-0.7257215614936396,-0.5557662000249916,0.4936665571942069,-1.4817533951745465,-0.9541001918231063,-0.2933077560788848,0.010119668994867274,-1.0108136902861025,-0.31457011610618296,-1.081520864712596,-0.8168307075002763,1.463536549390196,-0.04415255226774935,1.3172553355548378,-1.4790283768403751,1.0209593955710727,-2.0087389263235935,1.8575342810893156,1.7566514332251792,0.6438670150173708,0.5356889756146931,1.1218738122218606,2.6366039649288546,1.868442323106136,-0.12359667171362616,-0.43777181874301474,-0.5054694900056707,-0.43431393741077695,-0.4625844185028635,-0.39245330712619525,-0.5932928994849198,-0.6631085518453238,-0.29678209147336304,member3_confirm_transaction_noisy,member3,confirm_transaction,noisy
-0.790587285306062,-0.10126611700691959,1.0449472555267052,1.1671603831903101,1.3155981258078795,1.1318905731375473,1.16755852587235,0.973423954306711,0.9290707508611262,0.5967405931060352,0.21590520585645223,-0.5400263007914498,-0.17268901815418788,0.42171288475596175,-0.5621038621977199,-1.6551165087539825,-1.817174855286999,-0.21646807380339372,-0.28170760655520655,-0.32242521514333805,-0.636845644660005,-0.1852896115890614,1.068870380607148,0.8096170548626225,1.7374113430380869,1.3140094566237523,-0.5055429600879703,-0.6724817339291496,-0.18236274635151228,-0.29441620228627374,0.4586111439513919,0.6495775124146914,-0.9214668357628315,-0.33069169606544513,-1.239277718047794,-2.3274507838848537,1.1160666181172836,2.6366039649288546,1.8669464732109073,-0.14003248712489477,-0.4553301105266324,-0.5280380126672103,-0.4483448947750122,-0.4771446799152938,-0.4072767834797627,-0.6100409468862895,-0.6760243503088289,-0.31271177760247054,member3_confirm_transaction_speed_change,member3,confirm_transaction_speed,change
0.698328022330808,-1.2468237394922594,-0.7921847151410166,-0.6484038133167027,-0.385618556317464,-0.5570452822666632,-0.47292606964856265,-0.7537569136655292,-0.8424354817038563,-0.8923739368068155,0.02953521145304669,0.293792011574951,1.2600111742921594,-1.2747663652970604,0.9772825986878168,1.3666687770119712,1.0500590700694141,0.36420123484874495,-1.2356974648823909,-0.8211138321145695,0.18164520472739865,1.053655707327478,0.7062684963910403,-0.3894459587412556,-0.029370045865577083,-1.268762276955916,0.7780956392089586,1.2135044977735199,0.76023302777108,0.3503512115254953,0.6567811688257301,0.39083535945164755,0.6082178943484107,0.6630186549333139,0.7043315406892292,0.34294641233147705,-0.6053852060643924,-0.5922529283691447,-0.5126439540902096,-0.5769122181843468,-0.49522487372706664,-0.37036684720712304,1.0289080642626283,3.297527543056405,0.5879770624239296,-0.5663378566289965,-0.7037185562812897,-0.7356055506239061,member2_yes_approve_original,member2,yes_approve,original
-0.9903532375214481,0.8315246326903332,-0.8272743527439083,-0.3901769375174101,-1.0512905869000373,-0.8257720498871424,-1.1662732140996506,-0.7372547547470222,-1.1418076518653388,0.9983781444186299,0.32744069070600745,1.999605737866257,0.2095179740631466,0.7546796348153376,0.8808787753079085,1.7587918855572853,1.990535734189121,0.7093881775696328,1.0596770114905782,1.4919007346775568,2.499258312552649,2.371377803327102,1.3470127383561097,0.5224230526567911,-0.8879290981639126,-1.3506892254984453,-1.041827535985299,-0.8283044820705289,-1.3962682690710453,1.099466102983718,-1.8483550202106187,1.2623192873534104,-0.5745527875819442,-1.306631173656907,-1.1272024995683283,0.7899026813957729,-0.6084565899652178,-0.6105727945246948,-0.5803650207544369,-0.5854707973510064,-0.4507350189796106,-0.5221541597743913,-0.45097157115551034,-0.4278285799063263,0.620749926760454,2.960582671381018,0.17219369148896796,-0.6803036264599704,member2_yes_approve_pitch_shift,member2,yes_approve_pitch,shift
-0.7323651976813024,-0.03553495274253907,0.2421045005210425,-0.11318522067374007,-0.27432711325060327,-0.646193488998779,-0.7499963090961124,-1.0730526272573127,-1.1290439812334248,-1.3871522500959717,-0.6697853192096467,-0.6849264510619469,0.9436477687453505,1.4296987816231916,0.8931834327954729,0.2975151452311464,0.30705844127019993,0.44260042400906047,-0.39659939849820663,1.585308669376902,0.7587424390841861,1.1449520156904534,0.6173439867412953,1.4920488711485125,1.2598763519859715,-1.1756053684280747,-0.714270868767176,1.2909828665474512,-0.5660612906017283,1.2397038171177286,-0.1606192347686468,1.6654889908200765,-0.7340842317036624,-0.5996877464563297,0.5748636197141781,-0.11365041490797438,-0.6092672061013572,-0.5968028675149489,-0.518043405606603,-0.5820403326320788,-0.5010320704680576,-0.38102338742354996,1.0250903235031925,3.297527543056405,0.5828327692818251,-0.5724389717141635,-0.7073386637362701,-0.7400406779704836,member2_yes_approve_time_stretch,member2,yes_approve_time,stretch
1.5233698484669416,-2.1223851438019445,-1.4070971016954534,-0.8427585306889461,-0.4149104555743119,-0.541783816067939,-0.41430283250759187,-0.6256990096230577,-0.6439917607601987,-0.8072649099768655,0.4131354569811244,0.42299605841515703,1.3548641215884507,-1.1609919704029235,0.0409447501614882,1.0604041297465003,0.6820480910957606,-0.8328159492964687,-0.7494633441640439,0.45293548283024315,0.40464269376705936,0.6214126791723014,0.9709540835868178,-1.2182536214152397,-1.9083029016617823,-1.1034743649662575,1.5804012499130442,0.5142065101751183,1.3724803134379293,-0.9840282500688348,0.7986595187296655,-1.5081356490173763,1.6935466513776052,1.021968401874773,0.7956336115930999,0.35662725618488145,-0.6015246591627198,-0.5876227446627007,-0.5073950722726585,-0.5720894995839714,-0.49013085383325994,-0.36396570589563765,1.0311868882287398,3.297527543056405,0.590804923346113,-0.5619218571466917,-0.7005052874948131,-0.7313107404662114,member2_yes_approve_noisy,member2,yes_approve,noisy
-0.7305715152842397,-0.24588375053141096,-0.2260852974009515,-0.4056574729844288,-0.4589469978574324,-0.7978220965479361,-0.571728787014195,-0.9927792638825249,-1.1443074292535693,-1.1107962211371258,-0.2963611165359337,0.35822174123114414,1.130136632845066,0.4060605756608852,0.14459034349923203,0.29523834986304587,0.4314454985274273,1.2001178150170426,0.5240224306408408,0.04347526565889615,-0.3835476459653402,0.7381927824879146,1.3346463902440975,0.3405680434967369,0.40777386067710303,-1.6179091357541546,-0.4081664274798969,-0.8573119532647405,-0.2067686924028545,0.10679760473488879,0.0782291318537194,1.1650629644339312,-0.46126664724970023,-0.6461172072977319,-1.074176876512082,-1.9305504025454556,-0.6087345200441232,-0.5949641602345191,-0.510979406215536,-0.5810660323286024,-0.501498013169143,-0.38334249896509026,1.020700330830879,3.297527543056405,0.5781095240092393,-0.5745059010735402,-0.7075145980793568,-0.7397182896573145,member2_yes_approve_speed_change,member2,yes_approve_speed,change
0.9609993060275142,-0.3141516255092539,0.5291869249953842,0.7875971921501288,1.0706276441988882,1.147969553449296,1.4050345056607005,1.529663874662517,1.7966674565598235,1.2133600815871532,0.5115833411962144,-0.5683199814879352,-0.38846822024354455,-1.1132618810373203,-1.165599155149239,-0.8469724138085681,-0.6333591409667059,0.3966169624025173,0.42349325190900505,-0.5869798381955583,0.18444342566506503,-1.5187962155727168,-0.6468064549971949,-1.1552178023261042,-1.0851228717715733,-0.9539524277961717,0.7206693541226187,0.2887129122861283,0.827048433111115,-1.324098485910433,0.9937714093838067,-1.214851662743513,0.20894366548511617,0.7712101079192459,1.736378298026967,0.675799133823178,2.3640490725705936,0.5860009917660852,-0.3166267421605419,-0.5670577308848389,-0.49097267963694424,-0.5188605814278554,-0.38740571470009016,-0.39566610861251184,-0.48119082850261596,-0.40649530378222376,0.009470825202079786,1.5959465053691526,member2_confirm_transaction_original,member2,confirm_transaction,original
-0.7605530180214256,1.6723720059888556,0.8163387873278021,1.547007778877929,0.7696670522754209,1.2258675964364982,0.5671154281301763,0.9921709246571508,-0.029951296338584447,0.23517515551620882,-1.9247339496519262,-0.9139907907470172,-1.9769136307549517,0.608842028002865,-0.8760376160081627,0.06149177969993474,-0.1889583478441988,1.6252380113463203,-0.41784028624996683,0.2588990664580365,1.225975682365796,-0.22676495816479866,1.230673795780472,-0.3781838389828644,2.5322565608144596,0.9704734436847634,-1.3417647397551362,-1.2258621313878035,-1.637621876115657,-0.2234161796998566,-1.6989869451380788,-0.13658867580272888,-1.002346604221189,-0.9056995406472159,-0.18764553708149148,1.267240829666164,-0.2570256958982087,1.6608334070921424,2.5245838131953917,1.3500337187767173,-0.23193515052672067,-0.5155176360770214,-0.449346423331905,-0.4957150968142666,-0.489152233598075,-0.5497987967914867,-0.6898957866887312,-0.6733638980003903,member2_confirm_transaction_pitch_shift,member2,confirm_transaction_pitch,shift
-0.4526956120828244,0.9190338248047882,1.9677175911705227,1.5734014060908854,1.3656752434813113,1.290138955442327,1.5520393765886575,1.6781975748296203,1.7274484235281586,0.694351198449874,-0.307841712172719,-1.1123938583838668,-0.6940382461946953,1.2291399414424673,-1.3689780820200288,-1.0062029346605537,-0.7354019928331592,0.700325922940813,0.548066446366461,0.2780272600856868,0.7669085699670775,-1.116946363399762,0.3722672256743469,1.4564001775980124,-0.8144374122032583,-0.7257515710662212,-0.7358647558177621,0.30706153494342975,-0.3691660633858364,-0.6694355288248701,0.33140008075519295,-0.19988287485476167,-1.2921637114814175,-1.1338136245909896,1.6094192635675566,0.49566119276176224,2.3640490725705936,0.5799149969152824,-0.3244430179947635,-0.575489014773057,-0.4995297672921991,-0.5299479790748572,-0.39578514206728754,-0.4067681105906313,-0.49092708445977373,-0.41666940112488404,0.003335461950724953,1.5928506035838526,member2_confirm_transaction_time_stretch,member2,confirm_transaction_time,stretch
1.7121987747449248,-0.9728038317183173,-0.013086602161973823,0.5367348679871965,0.8817667181070524,0.9994499163750111,1.2914115771194743,1.4741774060424917,1.8874796162857435,1.736571094697503,1.021200901631152,-0.014880213905773796,0.12229826659907982,-0.9256976672989184,-1.0436117140969527,-1.0557965087095036,-1.5222703569712206,-0.11716829951530923,0.212501726179518,0.5042510031037165,1.3730557198127316,-1.3294122257568668,-0.7975619683760831,-1.1060958111720067,-1.1292485370538297,-0.6666132982085263,1.4136923497056728,0.4079042382795433,1.2865747922864563,-1.6097646197185111,1.0050386091449768,-1.4599357855153567,1.2649606239668065,1.3893806692460233,1.836875612322373,0.671389119687052,2.3640490725705936,0.5903390937131882,-0.3101764010397938,-0.5601135688529989,-0.48396859283623167,-0.509394567634631,-0.3807386118960842,-0.3888414949824918,-0.474335789286023,-0.4001292064107064,0.013317662587540174,1.5979397399490922,member2_confirm_transaction_noisy,member2,confirm_transaction,noisy
-0.5123757496282598,0.3090410835741965,1.162429951581313,1.102766944394386,1.418427235791247,1.3633708200002264,1.4338531185016605,1.5833739073695219,1.5226136355793258,0.6269467727814599,-0.27397246233457034,-1.2203167701592676,-0.9593930373347896,0.2885200713868748,-1.802133549653081,-1.130042918837705,-1.3415943018719645,0.6610242711298707,1.393322150350446,0.6013156248776717,0.6956158181283398,-1.0508348804336396,0.9493393762321977,0.9216083787050628,-1.0398705053682755,0.17738349586033622,-0.4374973668195433,-2.053581413204098,-0.13478659835269322,-1.1251826277685613,0.536072284067455,-0.07154751025912644,-0.8367497963797591,-1.0994939559607806,-0.08641851789150308,-1.535242080854796,2.3640490725705936,0.5788537735508495,-0.3256309631194027,-0.5760382753821287,-0.49927548906776364,-0.5296172870535508,-0.3947542243180698,-0.40467633092803856,-0.491990967834538,-0.41824969611369694,0.0017329596971464253,1.5907099625944356,member2_confirm_transaction_speed_change,member2,confirm_transaction_speed,change
0.5987777126450593,-0.7807500767863857,-1.0483510532724705,-1.2448199176556922,-1.0893347539217102,-1.1258622720666356,-0.8971408393562409,-0.8840385191735656,-0.19668472468941256,0.1438875294626952,1.067659917291921,0.37102621314802364,-0.03444776072824704,-1.1418368547841364,1.5162964318367749,0.5799821889636897,-0.26504362139237664,-0.8993634618521882,-0.26583406440132745,-1.5423661188935225,0.020215890641672337,-0.7805922431967832,-1.3445589256593682,-0.5890283891594831,-0.2430683351128903,-0.28577118671457286,0.8065429154929562,1.9196755596827364,0.7483017053889345,2.6288658727964216,0.46309518731916766,1.7230886599421942,0.7524002547712679,0.3728943170013328,-0.06877456609943064,0.12300430731575018,-0.5540285633102514,-0.6053795617793105,-0.5763431627333493,-0.5896918090453565,-0.4948129719678624,-0.4443560598651834,-0.4350906460996343,-0.49389145348792257,-0.4668405717630942,0.29869298781404074,1.8162793033292948,0.6114999472987969,member5_yes_approve_original,member5,yes_approve,original
-1.1158501231456988,1.1881763890031494,-1.4689703185851377,-1.3554455682027537,-1.9840892533503713,-1.5824473383183102,-1.6585293779729324,-0.8759718335853485,-0.7089962523152616,1.1522013588639055,-0.4807419371407669,-0.13710120996117808,-2.430920488156078,0.5889057295997098,2.1753638392031363,0.4359288302450812,0.4909409545081246,0.4974895812464136,0.8229331293471438,0.9012204808168591,2.2368057967685564,-0.15853076924436288,0.10685335891816183,0.817736059172821,0.18121716118879164,-0.2737772388757467,-1.1313350640381108,-0.6348653343733954,-1.5916010612130824,0.9285341372571815,-2.2238978515600754,1.0023131253327988,-0.4256171625297634,-0.700062950718163,-1.8174840954475096,0.37811961598688243,2.3640490725705936,0.18338593087597993,-0.5583560616370549,-0.5929258282992969,-0.5056184664211659,-0.5404148674444574,-0.44344197368402694,-0.4385218073466213,-0.5100528487034562,-0.6511258406018396,-0.6764507733736101,0.538299084815334,member5_yes_approve_pitch_shift,member5,yes_approve_pitch,shift
-0.8288206637185074,0.37451124926723317,-0.02214854816263376,-0.659464691479308,-0.8667371889219114,-1.2562875575312422,-1.14920508828601,-1.2765431926910775,-0.34558794832547457,0.05813622446939759,0.9561715357240886,0.18191256741535014,-0.2221008511786987,1.4864592267926018,1.1408737723654285,-0.43652368144447445,-0.13348608673995668,-0.04595662338405807,0.2890537760832671,-0.18008495005214906,0.4624919504728553,0.008839330055695756,0.050998782990918194,0.12801749052394784,-0.7715917863561093,0.06294847829833133,-0.6378572802748977,1.162228755388269,-0.41612433933272275,2.4448773503921495,-0.25106946608773584,1.6179651645852011,-0.553163096749982,-0.7936500983949366,-0.19711126416541722,0.18753751417439482,-0.5587231489958904,-0.6095872575258123,-0.5802491838703165,-0.5936419840546591,-0.49900959840278336,-0.45292779997131255,-0.43940328567672715,-0.4984213264386523,-0.47248103093283944,0.2936692479672816,1.8162793033292948,0.6090286693439255,member5_yes_approve_time_stretch,member5,yes_approve_time,stretch
1.4711816240135513,-1.4431365822786084,-1.697958516240931,-1.4469317839108424,-0.9447495089199872,-0.9044661829036813,-0.7413616593768636,-0.6820197468555493,-0.14447515629079374,0.14809725437587914,1.2327142224801457,0.4183808679091859,0.15058551580973714,-1.1921348596028014,0.5737777333761952,0.27993448518009495,-0.814774833335973,-1.1224638850832664,-1.3226406011888365,0.041876399462109554,0.09178694803929761,0.021072824051462578,-0.8816053272856781,-0.38930266206886366,-1.0982847508350244,-1.2903289819310535,1.5906437294451496,1.0549276761011313,1.2940744806409457,0.6036844855631334,0.5796848146988061,-0.9702059436239978,1.878131761149724,1.1961077962702014,0.04103700441216225,0.1260824080915715,-0.5505084472801632,-0.6016424972948387,-0.5724551028760939,-0.5858107185852259,-0.4904680767985816,-0.43769882680345723,-0.4309008330584068,-0.48995704953441493,-0.46323268963373865,0.30077259956754615,1.8162793033292948,0.6139096874920213,member5_yes_approve_noisy,member5,yes_approve,noisy
-0.8687378244055148,-0.04040599559810098,-0.4772123509773573,-1.0484779620835518,-1.3181349036715908,-1.3091441174673462,-0.8560953230415244,-1.0374260368223711,-0.5572167048589386,-0.5927452226544982,0.718940833026358,0.3493958016598665,0.01953002585152635,0.5256472630947711,0.4138813693056581,-0.4862764496128415,0.1656332943823345,1.7413684533580203,1.082639746314066,-0.316035528610311,1.6498408184674205,0.30194899731056984,0.13342351462901872,-0.5229058582575965,-0.7541116740421049,0.4116301092838961,-0.34847423051660437,-0.8864200145191561,-0.16938743326092526,0.3855299738612663,-0.1220102633177235,-0.0031977027024323998,-0.1956284729129473,-1.1655210774864158,-1.7444270512076905,-2.2298638528919845,-0.5592855704975191,-0.6093399915733179,-0.5797644285486039,-0.593027598346073,-0.4989544844443938,-0.45605631031131605,-0.43996412389719586,-0.49865902645971294,-0.4736500220695534,0.29070254631829096,1.8162793033292948,0.6083671006400908,member5_yes_approve_speed_change,member5,yes_approve_speed,change
0.8193066703903776,-0.1806438776954424,0.2251835024768279,0.4089782939707893,0.7070830093424113,0.6983817264482454,0.7662536950233654,0.5689121293923395,0.3204213723112719,-0.5016102253988917,-0.70296681690621,-1.0949728552407396,-0.18644751338509732,-1.0351462872130286,-0.1940572101668451,-0.8856189889078803,0.5135918230048662,0.3013724525212011,-0.31715747579452896,-0.6116949939174132,0.3273622290592465,-1.3579372258160711,-0.6312335882842426,-0.4326332404557062,0.3833228970370342,0.450817284234851,0.7396891806122666,0.9492734028498496,0.7956860999923246,0.7656178447248077,0.8419546211072612,0.6322631393039421,0.45611342621001333,0.3352966002855959,0.775310068021745,0.452237253568041,-0.5819754642854778,-0.32081580264359516,0.6166711095718068,2.5885771792576784,1.259572929797799,-0.03366839825179273,-0.43601689133819055,-0.4905457916616238,-0.5088956702055178,-0.6311225765951338,-0.6439457473349199,-0.7085088234378718,member5_confirm_transaction_original,member5,confirm_transaction,original
-0.8938937126729007,1.6687012774186185,0.44626524284992797,0.9009354385386064,0.22582037772594707,0.42471738917237156,-0.3568628076620489,-0.24489538196038213,-1.6173787450665946,-0.7591240796200379,-2.3084571853603375,0.09576566237828121,-1.0008871490651403,0.841308240773594,-0.5168364574935869,-1.266277806471875,2.2439651259452362,1.4514158457335786,0.9418291108319955,2.624484786498138,-0.3542915293813004,0.2804137851537047,1.9626722609775296,0.42099177811180544,1.786395049968613,0.7030600559856316,-1.187981332285514,-0.947672113817959,-1.4774012612696574,0.6384994025587445,-1.732041380089786,1.5750113390700695,-0.8748006700009698,-0.039923295996130204,-1.0962363243137125,0.5544007992310679,-0.5385619193194728,-0.5962453815018983,-0.5709725186835272,-0.3761348648403428,0.9523702658084859,4.460673273265309,0.7609142255026385,-0.36102324031025196,-0.5124821314863451,-0.6495238328962132,-0.7077168086367084,-0.7219600351711438,member5_confirm_transaction_pitch_shift,member5,confirm_transaction_pitch,shift
-0.5936927860072617,1.2303597597037441,1.0560864319206396,0.686085526251805,0.9319818353059307,0.7219472881000586,0.8590958501890484,0.5725026816320448,0.009047633294491608,-1.1849370491983189,-0.9290643383126314,-1.549690304640746,-0.8003622371476904,1.2718243195980259,-0.8657887208703732,-1.3857594590625166,0.6267326907612892,-0.09861601714463858,-0.29471422451101786,1.5230032417340713,0.7865836149019672,-0.2916166733413249,-1.9761267127914943,-0.4489263914523874,0.27606197459628107,0.22207402920197275,-0.7343464701604507,1.0462017177215515,-0.3881141396451063,1.1099348103382685,0.21010215529481158,1.1989297530762757,-0.9532955539491272,0.9713765197801634,0.6566362495976932,0.19538021204112566,-0.5888637340102332,-0.3295530629710289,0.6094753312056714,2.5885771792576784,1.2575928148040862,-0.043164282337323466,-0.44216661569467014,-0.4967570646339487,-0.5149228564797487,-0.6376823639795609,-0.6501850071790957,-0.7155814023705886,member5_confirm_transaction_time_stretch,member5,confirm_transaction_time,stretch
1.631662202387942,-0.9733497361942077,-0.36649377414761425,0.1690561750754881,0.5405007609031514,0.5510852697444519,0.7323879650541323,0.6413620925309679,0.6701991984315219,-0.07698449233626543,-0.6270147511875428,-0.9957625123708406,0.010122617026414073,-1.1968615357904544,-0.5960890228306535,-1.4948120237615075,-0.29081126631212056,0.45733965549582806,-0.17118223144617462,-1.0235074210278448,-0.17216834491769686,-0.8224306851891169,-0.6908293972533514,-1.198557297224773,0.5549697049399528,0.30262107025438106,1.5098057938773588,0.8290479241837951,1.3152099660036107,-0.3994196780753173,0.8943152450836718,-1.2447142522533259,1.5208447031787997,0.8407642623713142,0.8704361772611462,0.5354796113072204,-0.5769251603706815,-0.31552628487988327,0.619874524751498,2.5885771792576784,1.2622622382212145,-0.02639281978563896,-0.430887033938272,-0.4847136587535093,-0.5033401020768824,-0.6254041707522194,-0.6396426459932627,-0.7026769883067452,member5_confirm_transaction_noisy,member5,confirm_transaction,noisy
-0.6385067464706887,0.13141759863184613,0.7613434437488805,0.905899301903404,0.919472518918847,0.7916773344123944,0.7190631035555209,0.45343043974546043,-0.005838876601772262,-0.8370545481984523,-1.0768465724454104,-1.4997123249101985,-0.9047194477700448,0.5726830203593408,-1.0494633174342087,-1.3177820123716255,0.7634847420618875,1.0140557280138307,0.9170677130749787,0.8598740423217859,1.745007385765495,0.24056954135173866,0.4857950431735514,0.19475682017086765,1.459631786755094,1.623243737862649,-0.4044946101776111,-1.181093178610587,-0.23055676640226405,-0.54626048554259,0.2578022070463968,0.15935880674182626,-0.7972630407351068,-0.7517464294477254,-0.995415631737182,-2.0640865214992994,-0.5894162791744062,-0.331442961255789,0.6067430574190013,2.5885771792576784,1.2496036315363743,-0.04993444383949046,-0.443072563184632,-0.4964303663784557,-0.5146208124604054,-0.637274375461232,-0.6489867152416836,-0.7155539240068828,member5_confirm_transaction_speed_change,member5,confirm_transaction_speed,change
0.6600371961270555,-0.7692165917901291,-0.7599050708592976,-1.2176030137543516,-0.9598626385452256,-1.0035476265547227,-0.8180921729827663,-0.99383595001749,-0.5263808945127603,-0.24078535233911513,1.5397743408614513,1.8485186546303627,1.4885606776523332,-1.1401510372441008,1.2897656201189331,0.7011032815847598,0.3003428005918094,0.5698011367400934,-0.9087639492019233,-1.5044786929802842,-0.8347416318953356,-0.05308105567112751,0.39474176948418316,-0.9366999346744078,-0.6578973394471253,-0.2465195192824771,0.8998906520065705,1.7259619745505086,0.9214763273926931,1.8674466646598653,0.664938861452928,0.5407612811108478,0.7016987653918015,0.5285863743259724,0.19535095629533855,0.2623037356527453,-0.6043104242493057,-0.6063047992428453,-0.576409646569891,-0.5810510685454632,-0.4383852033740821,-0.5118168475518985,-0.44719992699134964,-0.42909762600116774,0.5559484605380343,2.960582671381018,0.22307995896257463,-0.674474055827842,member4_yes_approve_original,member4,yes_approve,original
-1.0779011737434752,0.975162474786571,-0.9137586449948446,-1.0423451925075182,-1.5669022632890852,-1.142031157011997,-1.4630467134606064,-0.8822401549580492,-1.3685726871315698,1.2777774505222985,0.6989394085254492,0.9780189908901878,-1.354457973389781,0.6657079373169704,1.2008833685856708,0.9559953124189874,0.7799301372491877,1.9480744205254097,-1.8170145186997175,-0.8692556978590201,1.617891824379492,2.7007353073506426,0.9545590044597426,1.6038810211212668,-0.2072286912866909,0.4502925249011242,-1.1013933422029198,-1.2099909844437446,-1.583078688082977,0.19214707151056312,-2.0314652647018976,0.6105509461609243,-0.5190980335731532,-0.5529865331636055,-1.5209474138058872,0.5401132443419662,0.3362146380271585,-0.58098659771087,-0.5795272268278405,-0.5935804478148837,-0.5065578032832593,-0.5290104466034985,-0.4024113659495678,-0.49110331844988303,-0.5167277656672598,-0.6088256681024905,0.1877389130019764,2.551435652012442,member4_yes_approve_pitch_shift,member4,yes_approve_pitch,shift
-0.7613257532577581,0.586509781341284,0.14307267531922688,-0.9976262329856093,-1.0204148208801695,-1.1705142306297724,-0.9842861974285294,-1.2943345479364685,-0.7724821896579293,-0.29403527401115076,1.4486730557350178,1.50550712160452,1.312967994356396,1.4518176515631758,1.1618247769731147,0.42426485915219064,-0.23456581013598596,1.8529528067858758,0.4454339451814107,-0.5718144761975278,0.5444301455949223,0.3377695217317751,0.638917148969668,0.34285730482968535,-0.3902751612901898,1.4755206781118158,-0.5730846249576673,0.7968340928582406,-0.3131456640106036,0.8602706639695372,-0.04469310641270355,0.7215810660775369,-0.7264261942453059,-1.0631438788850747,0.08479525509223561,-0.0379576450050641,-0.6082372560910454,-0.6105085528807234,-0.5804302402419633,-0.5852651785008671,-0.4433534880218636,-0.5186498368197358,-0.4516313303660441,-0.43473169572741666,0.5519759141166307,2.960582671381018,0.2191716080613627,-0.6801876394546486,member4_yes_approve_time_stretch,member4,yes_approve_time,stretch
1.5242748679864841,-1.44564991917011,-1.2754821226839224,-1.3587516979956402,-0.9307102355727337,-0.8592295413222905,-0.7049953300228552,-0.8308304643783999,-0.19001650076609827,-0.00491587278101232,1.2484628180728174,1.3536152635554923,1.3416444480279255,-1.1618171512097597,-0.007239708987497849,-0.0883935146656755,0.820926111076494,0.5865896860675905,-0.7106980674493131,-1.38610562847894,-0.6073748070003636,0.7242007408154714,0.9142822749520372,-1.3038534830952764,-0.3383323189959208,-1.263608288861744,1.6916082171794335,1.141466767247543,1.433159610124283,0.12647902100703304,0.7222943169743685,-0.9275993105512925,2.012015381542376,1.543085690074521,0.3037343729111093,0.43252226309969083,-0.6006097608039582,-0.6021538881628947,-0.57229882899409,-0.5768786233931532,-0.4343422881547032,-0.5057535586767444,-0.44325561804002755,-0.424588819595377,0.5599561496211045,2.960582671381018,0.22429429949297502,-0.6708351322509436,member4_yes_approve_noisy,member4,yes_approve,noisy
-0.8095865811996136,-0.19309783626282892,-0.25982593661589876,-0.992067923513074,-0.9975621511050188,-1.1696396810438674,-1.0404546122320346,-1.3036783004361108,-0.9076412073969767,-0.5391113775636377,1.68088902806662,2.163852876664831,1.845302220028466,0.38847612768443407,0.4977483465746564,-0.052605878148082055,0.09565689995425666,2.2559345990006925,-0.10103669959904765,-0.9657414240067087,-0.5153553075082902,0.18341000266082932,0.6080309151329739,-0.19204932664068067,0.5247389176885919,1.1271670217098304,-0.22121214635250908,-0.876896675148237,0.003616741280234926,-0.6750237280425786,0.1537273756536054,0.31142085899855926,-0.29757609657732215,-1.3514437262063472,-1.6508433000897873,-1.6319443362846002,-0.6083076728378273,-0.6101929536382377,-0.5798175753671615,-0.5839598158091529,-0.4382333138448683,-0.5168982779760787,-0.4519128712543639,-0.43663737903756483,0.5488030904639558,2.960582671381018,0.21630855411033797,-0.6818849173987842,member4_yes_approve_speed_change,member4,yes_approve_speed,change
0.796870810154882,-0.12509305342775773,0.44785671375841185,0.5420964503895899,0.7611955532031554,0.6947716856169932,0.852152767807501,0.7703628571373925,0.7272013231862621,-0.21555414467166012,-0.6399974692187967,-1.3177306217208802,-0.5877603716715113,-1.2699619372478288,-0.9069910385996255,0.03243427091792382,0.672086944983929,-1.6273927251360738,-2.1831456063007693,-1.1574296847991536,-1.1306093151325565,0.5760474218383287,-0.028510011758951282,-0.7852113205037022,-0.49067753544590476,-0.8255501027159898,0.6577324986373921,0.3956505342232309,0.7731870349288416,-1.2475080041305873,0.9023325814963257,-0.898362550624186,0.4054119368305469,0.8206178215940577,0.8397212513030178,0.5847470419592954,-0.2578171563495061,1.6743767493605723,2.5245838131953917,1.4190326027052251,-0.2225911940412686,-0.501940078005033,-0.4421689961430151,-0.48889489214163695,-0.48264074170513926,-0.5372123138586515,-0.6833238231605535,-0.670768477655908,member4_confirm_transaction_original,member4,confirm_transaction,original
-1.0286490591853144,0.7690789798534577,0.0321641764727825,0.6759392369804383,0.23438699053677722,0.7462609212121152,0.32924901209191626,0.8348401652581133,-0.282448266578419,0.0673632124706009,-1.5980428367121877,0.9176332990826461,-0.02563333107665186,0.41997826770490626,0.058836387148967766,1.3302960499728398,2.181038231723758,-0.06424463794337325,-0.8890359433385167,0.4566197284332835,0.23973663980754698,1.7381507852087306,0.24893046827100374,1.9988641570098278,0.39077405983087277,0.9681599826305075,-1.1595798531546055,-0.7117602587398315,-1.4303577615914693,1.0268862604337106,-1.5574020026392141,1.1985766141685026,-1.0601779905446425,-0.8323089427525818,-1.0883177639502608,0.6348465843695807,-0.5912898253820118,-0.5955243492779715,-0.3291116562341095,0.6166179599318259,2.8610776388602965,1.615177348091707,-0.23774313689671472,-0.4932980628693057,-0.5149101060372988,-0.6497945844950376,-0.6980025508107952,-0.6637052393402874,member4_confirm_transaction_pitch_shift,member4,confirm_transaction_pitch,shift
-0.5953391023309713,1.3076516253929438,1.5953682768924804,1.0782512681485639,1.0177871801712373,0.874533269995859,0.8516678323999519,0.6748259789334837,0.4585670404083979,-0.7772751494506879,-1.218021963175616,-1.9462754515381195,-1.2959310999119447,0.7739877959227995,-0.7525668503783296,-0.78785752203273,0.2629495956247007,-0.8174815028999712,-1.103030612714995,-1.0086372666186074,-0.030664412225732397,1.6912461886255645,1.0513227147919035,-0.0804525266038192,0.5128503449916365,-0.1941031174308453,-0.8323326232337136,0.47070713673936776,-0.5306366262909192,0.11003757818373124,0.10183301265027533,0.08606743889796828,-1.0576363143192395,-0.836615134470693,0.7122573139511447,0.5105830769569087,-0.26581157032235847,1.6730904884936544,2.5245838131953917,1.417311148913664,-0.23198493472498455,-0.5138382697164631,-0.4489030853204967,-0.49572465572158037,-0.48922181376988816,-0.5450388639273189,-0.6893952826588158,-0.679063338667846,member4_confirm_transaction_time_stretch,member4,confirm_transaction_time,stretch
1.6035054549470809,-0.7912673160620611,-0.1523131233240514,0.14566872240955162,0.6183924994615106,0.6549001466364481,0.8981660462558068,0.8272825070470551,0.8583765886295625,-0.09639318395349197,-0.32490887834591703,-0.9469091510142728,-0.28425995083327565,-1.184583392616234,-0.8940625193679883,-1.0125946060367446,-1.495018699884605,-0.46418263808847293,-1.2329318240992213,-1.4377032477114429,-1.9002199320781155,1.0215896582840398,-0.7827037118739936,-1.9611718566231977,-0.6504661571447589,-0.23331362330296943,1.4500074082378118,0.0882645035990363,1.3779346322411965,-1.9741629182003706,1.0592209145778224,-1.0917741195338306,1.6270009465670565,1.7419144796268378,0.9198301059408949,0.6417021517993767,-0.2526035266900168,1.6755135847935958,2.5245838131953917,1.4213704766148418,-0.2153459284053172,-0.491843408498564,-0.43582926807663686,-0.48207998203808605,-0.4764607150720172,-0.5303248465655185,-0.6785458529659657,-0.6639716611622034,member4_confirm_transaction_noisy,member4,confirm_transaction,noisy
-0.6599947181496165,0.5039407199395112,1.4300720157252795,1.0827637045185279,1.0473170735063742,0.753361296462076,0.8724373177416408,0.8154105362438857,0.6228512849016515,-0.3364665073609526,-1.0821022372032614,-2.2219656195316366,-1.2548174487275343,0.05882452682424153,-1.8295054627294385,-1.201639659654198,0.5350179146930645,-0.4573765715598606,-0.7359263072038363,-0.4172535342497051,-0.05537349174196176,1.4616021040167368,2.016990078891789,0.07382049333017957,1.6094958756569855,1.5681021152694776,-0.4499570201187725,-1.8930395700871736,-0.11377894858698091,-1.2777835153755028,0.44951571093627396,-0.18543197561205005,-0.40957489440579103,-0.678264106104014,-0.9926013991865762,-1.9475106932746336,-0.2693608170390566,1.6632737362534593,2.5245838131953917,1.4011837250208776,-0.23682442599405865,-0.5145639245817758,-0.44855658417728117,-0.4954597579222358,-0.49220517593815555,-0.5574504188372175,-0.6910118813285177,-0.6798427796955093,member4_confirm_transaction_speed_change,member4,confirm_transaction_speed,change
0.8331383189044719,0.02188333723882521,0.10908844361828716,-0.08592174388178708,0.09387278117885989,-0.11904331030519077,-0.16978942263752567,-0.5229776606821726,-0.5777222954747926,-1.3802920772914442,-0.6946487754098787,-0.02746279557760868,1.0710110997876465,-1.1945573975769617,0.23313726107839333,-0.050169191325328474,-1.1684839163609402,-0.5150314263183677,0.20549504397255483,1.6823069715662533,-0.9216373005239203,-1.1996005427952163,-0.48803607680528316,-0.721771437784131,0.3595186837306708,-0.1356475734990545,0.7393631022319956,0.9559607122896884,0.827389328036322,-0.1726744741145209,0.7503930360565921,-0.018819522590654794,0.417295098403859,0.31804476898501255,0.8458714493931072,0.5591564872025105,-0.588161310363581,-0.534624162717375,-0.5641367246976132,-0.5794290849629126,-0.331181821068893,1.9610486601599793,3.0625080615491878,0.6832991320418949,-0.4225264065140767,-0.6424919531027624,-0.704479090905217,-0.735178874489739,member1_yes_approve_original,member1,yes_approve,original
-0.9823142933335335,0.9128480190925102,-0.30171096460388963,0.1899819275567888,-0.49093443890687816,-0.31577908298762897,-0.8963873630609075,-0.7799346894581051,-1.415830308863002,-0.4989077978594789,-1.2754614298172149,1.7251557250002878,0.19765900603607006,0.6914966019867742,0.8702409642260152,0.7411851956410491,0.21395289643699075,0.39686702933449186,0.32619554722785243,1.1029938795588738,0.5501250231378833,0.4474823826158661,0.44900248303201445,2.2600355054344208,1.3274919972923103,-0.8558279445671264,-1.1649559339117679,-0.7193671644954415,-1.4756967866436372,0.5688233226820176,-1.8258093817269878,1.0334090409502512,-0.6822934525133096,-0.7332153810252878,-1.0723448003022902,0.829018170415291,-0.6089599195038098,-0.6100696996162526,-0.5658330575753597,-0.5272571035202787,-0.49472403483365307,-0.5346605242575093,-0.35452942130036075,1.2080367062393416,3.0773463732421877,0.40124444356184386,-0.6656455606943092,-0.7387135304227984,member1_yes_approve_pitch_shift,member1,yes_approve_pitch,shift
-0.5531777311879,1.4580175082012838,1.0201142615409111,0.39117461470826287,0.36386667781703025,-0.05373840688240656,-0.19604405406528178,-0.8082208430554223,-1.0078153535842056,-2.1764222710353387,-1.2729974637845642,-0.8508024521712597,0.4091013422052898,1.277464327552983,-0.162749253408197,0.7448428047696094,-0.678643528518414,-0.9495697417565828,0.01942163839701265,1.585648440739371,-0.5238656754042909,-0.021880603530641522,-1.225588845187558,-0.1201413940538137,1.9694847134494295,1.4574379785919531,-0.743141495416146,1.0686847437299063,-0.41530050993014583,0.5163583266663447,0.016017403220005978,0.3026841421926409,-0.9609535914074844,-0.5464544664820986,0.7240840631322041,0.4656232055670903,-0.5927232935302374,-0.54017356741872,-0.5693066518028954,-0.5851491539112432,-0.33932612154971215,1.9540215738934714,3.0625080615491878,0.6775252510122299,-0.4286769973597464,-0.6480199661652454,-0.7080626872292635,-0.7399932740316656,member1_yes_approve_time_stretch,member1,yes_approve_time,stretch
1.622883369773649,-0.8565879048144424,-0.4440560703544568,-0.3142750213016951,-0.005166210976822194,-0.12493795824113292,-0.1132692466932946,-0.37355817409969994,-0.35268633752062567,-0.8550469336933442,-0.32673692962188244,0.12336661922559558,1.232522880953608,-1.319094593315165,-0.60929871758071,-1.3776259856499709,-0.6212580060529076,0.5971005085143268,0.9532345522645103,0.5475048781701649,-1.6067424110919106,-1.4242631575505533,-0.6258884595758714,-1.2130124198982626,0.2796684914755727,-0.23031359183860606,1.5032355107209667,0.4507082136732207,1.3291866579369882,-0.9423527160128499,0.8341549201189535,-0.8036596859201586,1.5897670403040112,1.7101618422404443,0.9506989070662499,0.5509600972929429,-0.58410697580026,-0.5304913357520202,-0.559682218700815,-0.5748048361127384,-0.32645184844237424,1.9648871519821114,3.0625080615491878,0.6865681865149448,-0.41793421205077397,-0.6379647686516646,-0.700983549915711,-0.730408025434157,member1_yes_approve_noisy,member1,yes_approve,noisy
-0.6344185868001686,0.9351857283709746,0.896839104164221,0.20340188765096487,0.2855286913119642,-0.12483484135418706,-0.3395655088869755,-0.7002314086098784,-0.5400023702966996,-1.6606570705023187,-1.1973982446147649,-0.4941200442542389,0.6322459359410249,0.41326699429374814,-0.19028548458722988,-0.5824478438652212,-1.8053012724593072,-1.1741416019528177,1.5733290557893413,0.9859251312005928,-0.497681787815175,1.3082845398267595,1.691204608539903,-0.9279988087836433,1.0700197103920304,0.8571590518848033,-0.3904953035853113,-0.7742144096977158,-0.05168280736774306,-0.5963714606244755,0.32342531339714387,-0.31596163958804335,-0.663008071543288,-0.14726306198949804,-1.0503695029827367,-2.0814780136106763,-0.5923334472276194,-0.540580478738217,-0.5693091624026007,-0.5859390688022217,-0.34114330758175054,1.9511139375360527,3.0625080615491878,0.6736246997955498,-0.43053464983272777,-0.6482766613487377,-0.7079166945219275,-0.739471125245503,member1_yes_approve_speed_change,member1,yes_approve_speed,change
0.8396609848397607,-0.29587893408661303,0.5851594384319075,0.9327260203274881,1.1566484562205521,1.3050556975818206,1.543915901792408,1.6790850734563116,1.9900609255631516,1.5873322738012463,1.2586440430246442,-0.06294601422201762,0.03211255212225688,-1.0312458120107866,-1.157963275057254,0.12189169772883678,0.44831572058629715,-1.7300521470152752,-1.2117296140366922,-1.0110886411048732,-0.7803694532394337,-1.1011380234689854,-0.7586493322667349,-1.2611349376057053,-0.9317952419018238,0.11049431977936394,0.6818380477103358,0.10775224954392452,0.8035266832720209,-0.49558661216282235,1.047199339285608,-1.2964087192221059,0.2826192672396528,0.7075294191067673,1.1783716427749789,0.6780059227151344,0.7081718066373267,-0.3142711073193804,-0.5515385180025159,-0.5760973040568564,-0.48463625105949604,-0.4099433133581251,-0.3528443655267406,-0.4054351649223643,-0.13342750391911773,0.5588236385517177,1.8162793033292948,2.1781497605166957,member1_confirm_transaction_original,member1,confirm_transaction,original
-0.9746425154639733,0.5024821985114131,0.4900273329368766,1.5461830353268484,0.8981356911419655,1.4826288639995677,0.9189478766849517,1.585871050777092,0.909595505657328,2.2878787362973174,0.13380197439206556,1.066026499404445,-1.287864567730848,0.33443022234780717,-0.12940562754602503,1.0659917912965033,0.6302025791162739,-0.9640116414091618,0.5489797739436383,-0.845115584735158,-0.23922426345412395,-0.514791769987034,0.11324760227792678,0.24652243650518213,0.4878269237988489,1.7808236740900611,-1.324039296976533,-1.6441728141156433,-1.6369400862652503,-0.33478163338015204,-1.634994772276903,-0.019949079977013572,-1.2574384726616272,-1.0402930927644485,-0.814950114323942,1.0207076757775169,2.3640490725705936,1.8560944357020095,-0.17005486189483826,-0.5537105645454289,-0.49863969970603655,-0.5306896276279763,-0.4245677266422894,-0.36085893723949997,-0.4707466757579543,-0.5765739084886778,-0.3527840344228003,1.4739246630597183,member1_confirm_transaction_pitch_shift,member1,confirm_transaction_pitch,shift
-0.5658159330592142,0.9357412226565085,1.820173342413543,1.5267056657276687,1.527130549013898,1.6777560583589142,1.9169255841457389,1.728822722600576,1.960638176207701,1.4216209006192706,0.7890344967887916,-0.7982531960530793,-0.5111861749903481,0.8889558688301837,-1.387054859380647,-0.5990492925508761,-0.9807320087033758,-1.4438574896741172,0.7747441957045544,-0.5415298723692245,-1.4832064522241453,0.45578421355311344,1.3513570072451202,-0.42617532917130235,-0.6710771091593679,0.9402408016922041,-0.7591671834259374,0.056222418153471565,-0.3358009725814698,-0.3515711905253307,0.4446007707836901,-0.3452496893906122,-1.0145598536159823,-0.3643653808738944,1.0572045657819582,0.5310018878631457,0.702151728268685,-0.32514687809920995,-0.5612417426216287,-0.5856464396705792,-0.4949467622910411,-0.425371397409512,-0.3643541873909028,-0.41704038843582864,-0.14423971820666082,0.5503334104051186,1.8162793033292948,2.1774096839568733,member1_confirm_transaction_time_stretch,member1,confirm_transaction_time,stretch
1.6048816166737971,-1.3459024047239372,0.010464996236299096,0.6482483650217975,1.0131009428151774,1.241516828149816,1.480271395288194,1.707724217118769,2.128328312533751,1.938626626645709,1.3504996581138518,0.16942914841639886,0.3890880890878071,-1.036570846885779,-1.705053897581438,-0.7516126759945764,-0.30788764493124854,-1.7832424177418562,-1.1834682663034384,-1.6198067980103767,-0.8845363798786796,-1.2820786378251832,0.06294386502707136,-0.42106700211513426,-1.3774313952720063,-0.26902514200031635,1.4649513506593221,-0.44811574206955657,1.3482767737484262,-1.4670607270318876,1.1076726620282635,-2.39408195073286,1.5073771200623785,2.0148038182740664,1.2747239447532173,0.6129702415185554,0.7129665051583535,-0.3062122873244868,-0.5437693715801828,-0.5675296474047645,-0.47494544811921807,-0.39490542250195954,-0.34251485067952664,-0.3965984556858392,-0.12654819073805096,0.5643247545295386,1.8162793033292948,2.1797574737238485,member1_confirm_transaction_noisy,member1,confirm_transaction,noisy
-0.6153259382457429,0.7965647812731083,1.4996397897938127,1.3841654834938752,1.5105669431002893,1.6814917971645473,1.7169121230734476,1.614747264761726,1.8525617611853402,1.6047424312879945,1.039815464670927,-0.5264597403239962,-0.25571161543525733,0.029509963418651565,-1.5018917803546923,-1.11779169664178,-0.9702768599667418,-1.5276603687554973,-1.2162669577379936,0.08610898225404477,-0.38414113820700524,-0.5553581771985223,-0.634489982850797,-0.6824088767669928,-0.3522165245559165,1.465497333863403,-0.5209499999161604,-1.5004170390224654,-0.17896445006588235,-0.6805607430354448,0.5112761654903638,-0.024667829249294126,-0.7283407036098952,-1.2847422415089056,-0.7229556051675515,-1.8059234030585332,0.6977536656784528,-0.32657267287836017,-0.5617489518117832,-0.5854210778260471,-0.4938885215418198,-0.41344230003242377,-0.3563301288288341,-0.4172796045844039,-0.14730025348801884,0.5458419066876181,1.8162793033292948,2.175571283474362,member1_confirm_transaction_speed_change,member1,confirm_transaction_speed,change
